{"accuracy": [0.7728613615036011, 0.9351032376289368, 0.9115044474601746, 0.9380530714988708, 0.9469026327133179, 0.9528023600578308, 0.9380530714988708, 0.9616519212722778, 0.9528023600578308, 0.9380530714988708, 0.9646017551422119, 0.9734513163566589, 0.9498525261878967, 0.9528023600578308, 0.9705014824867249, 0.9439527988433838, 0.9469026327133179, 0.9675516486167908, 0.9557521939277649, 0.9439527988433838, 0.9587020874023438, 0.9705014824867249, 0.9469026327133179, 0.9675516486167908, 0.9439527988433838, 0.9557521939277649, 0.982300877571106, 0.9469026327133179, 0.9616519212722778, 0.9557521939277649, 0.9705014824867249, 0.98525071144104, 0.9557521939277649], "loss": [0.5234856605529785, 0.30142173171043396, 0.31138211488723755, 0.2348676472902298, 0.2392512410879135, 0.2199994921684265, 0.2659985423088074, 0.20732055604457855, 0.21852077543735504, 0.2403729259967804, 0.20129963755607605, 0.20469984412193298, 0.21693123877048492, 0.22283759713172913, 0.1836957037448883, 0.21602053940296173, 0.23260070383548737, 0.17819836735725403, 0.20144416391849518, 0.1905498504638672, 0.1911448985338211, 0.15928657352924347, 0.23091818392276764, 0.15830209851264954, 0.22071896493434906, 0.21210916340351105, 0.13648606836795807, 0.21427807211875916, 0.17572805285453796, 0.2033974528312683, 0.16194885969161987, 0.13385246694087982, 0.17854425311088562], "val_accuracy": [0.9736841917037964, 0.9736841917037964, 0.9736841917037964, 0.9736841917037964, 0.9736841917037964, 0.9736841917037964, 0.9736841917037964, 0.9736841917037964, 0.9736841917037964, 0.9736841917037964, 1.0, 1.0, 1.0, 1.0, 0.9736841917037964, 1.0, 1.0, 1.0, 0.9736841917037964, 0.9736841917037964, 0.9736841917037964, 0.9736841917037964, 1.0, 0.9736841917037964, 0.9736841917037964, 0.9736841917037964, 0.9736841917037964, 0.9736841917037964, 0.9736841917037964, 0.9736841917037964, 0.9736841917037964, 0.9736841917037964, 0.9736841917037964], "val_loss": [0.6130537986755371, 0.5528906583786011, 0.5191823840141296, 0.48094528913497925, 0.4398127496242523, 0.39965611696243286, 0.3636736571788788, 0.32978713512420654, 0.3098529875278473, 0.27770671248435974, 0.24774284660816193, 0.21348589658737183, 0.19373588263988495, 0.18215849995613098, 0.17175601422786713, 0.15352849662303925, 0.15534260869026184, 0.14087657630443573, 0.13841815292835236, 0.13055391609668732, 0.12648004293441772, 0.11440137773752213, 0.1108444482088089, 0.11248459666967392, 0.11425080895423889, 0.11612286418676376, 0.11889877915382385, 0.11654311418533325, 0.1239461675286293, 0.11316882818937302, 0.11578954011201859, 0.11824463307857513, 0.12019557505846024]}